{
  "experiment": "Ab Astris Negative Control: Heart Rate Variability",
  "methodology": "Ab Astris (Lomb-Scargle + Multi-window + Bootstrap)",
  "data_source": "PhysioNet Normal Sinus Rhythm RR Interval Database (nsr2db)",
  "timestamp": "2026-02-27T11:24:41.885062",
  "parameters": {
    "resample_fs_hz": 4.0,
    "rr_min_sec": 0.3,
    "rr_max_sec": 2.0,
    "n_windows": 8,
    "window_duration_sec": 10800,
    "n_bootstrap": 100,
    "n_freq_points": 10000,
    "freq_tolerance": 0.1,
    "bandpass_order": 4,
    "hrv_bands": {
      "VLF": {
        "hz_low": 0.003,
        "hz_high": 0.04
      },
      "LF": {
        "hz_low": 0.04,
        "hz_high": 0.15
      },
      "HF": {
        "hz_low": 0.15,
        "hz_high": 0.4
      }
    }
  },
  "subjects": {
    "nsr001": {
      "subject_id": "nsr001",
      "n_beats": 106464,
      "duration_hours": 22.465279947916667,
      "mean_hr_bpm": 82.76550853434001,
      "bands": {
        "VLF": {
          "band_name": "VLF",
          "band_range_hz": [
            0.003,
            0.04
          ],
          "ls_frequency_hz": 0.004827982798279827,
          "ls_power": 0.010744682348038465,
          "ls_fap": 0.0,
          "multi_window_cv": 15.949589206372433,
          "multi_window_cv_clean": 11.173876751611354,
          "detection_rate": 0.25,
          "bootstrap_freq_mean_hz": 0.0048279827982798265,
          "bootstrap_freq_std_hz": 8.673617379884035e-19,
          "bootstrap_ci_low_hz": 0.004827982798279827,
          "bootstrap_ci_high_hz": 0.004827982798279827,
          "confidence_score": 30.0,
          "confidence_tier": "NOISE"
        },
        "LF": {
          "band_name": "LF",
          "band_range_hz": [
            0.04,
            0.15
          ],
          "ls_frequency_hz": 0.0533993399339934,
          "ls_power": 0.001542507464878292,
          "ls_fap": 4.753231544275729e-102,
          "multi_window_cv": 11.666494862933213,
          "multi_window_cv_clean": 11.666494862933213,
          "detection_rate": 0.5,
          "bootstrap_freq_mean_hz": 0.056380638063806374,
          "bootstrap_freq_std_hz": 0.00768144660297373,
          "bootstrap_ci_low_hz": 0.050220022002200215,
          "bootstrap_ci_high_hz": 0.07473047304730474,
          "confidence_score": 35.0,
          "confidence_tier": "NOISE"
        },
        "HF": {
          "band_name": "HF",
          "band_range_hz": [
            0.15,
            0.4
          ],
          "ls_frequency_hz": 0.22878287828782878,
          "ls_power": 0.0009040737260141237,
          "ls_fap": 2.9082470740223434e-57,
          "multi_window_cv": 8.148349164583452,
          "multi_window_cv_clean": 8.148349164583452,
          "detection_rate": 0.625,
          "bootstrap_freq_mean_hz": 0.22647689768976897,
          "bootstrap_freq_std_hz": 0.004954520147906005,
          "bootstrap_ci_low_hz": 0.21537028702870287,
          "bootstrap_ci_high_hz": 0.23067931793179317,
          "confidence_score": 42.5,
          "confidence_tier": "NOISE"
        }
      }
    },
    "nsr002": {
      "subject_id": "nsr002",
      "n_beats": 111334,
      "duration_hours": 23.329592013888888,
      "mean_hr_bpm": 81.91245638038868,
      "bands": {
        "VLF": {
          "band_name": "VLF",
          "band_range_hz": [
            0.003,
            0.04
          ],
          "ls_frequency_hz": 0.00391029102910291,
          "ls_power": 0.008409346802629059,
          "ls_fap": 0.0,
          "multi_window_cv": 50.494360944745154,
          "multi_window_cv_clean": 50.494360944745154,
          "detection_rate": 0.5,
          "bootstrap_freq_mean_hz": 0.003952031203120312,
          "bootstrap_freq_std_hz": 0.00014936490369491895,
          "bootstrap_ci_low_hz": 0.003716021602160216,
          "bootstrap_ci_high_hz": 0.0042877287728772875,
          "confidence_score": 35.0,
          "confidence_tier": "NOISE"
        },
        "LF": {
          "band_name": "LF",
          "band_range_hz": [
            0.04,
            0.15
          ],
          "ls_frequency_hz": 0.05122112211221122,
          "ls_power": 0.0018726194149152105,
          "ls_fap": 2.8126257636900355e-130,
          "multi_window_cv": 5.115115196829578,
          "multi_window_cv_clean": 5.115115196829578,
          "detection_rate": 0.125,
          "bootstrap_freq_mean_hz": 0.05364301430143012,
          "bootstrap_freq_std_hz": 0.004355273809969684,
          "bootstrap_ci_low_hz": 0.04938393839383938,
          "bootstrap_ci_high_hz": 0.06569856985698569,
          "confidence_score": 32.5,
          "confidence_tier": "NOISE"
        },
        "HF": {
          "band_name": "HF",
          "band_range_hz": [
            0.15,
            0.4
          ],
          "ls_frequency_hz": 0.3476197619761976,
          "ls_power": 0.00057425095306781,
          "ls_fap": 1.0550567031917079e-35,
          "multi_window_cv": 18.721684798539243,
          "multi_window_cv_clean": 18.721684798539243,
          "detection_rate": 0.375,
          "bootstrap_freq_mean_hz": 0.3291106610661066,
          "bootstrap_freq_std_hz": 0.04414775477357333,
          "bootstrap_ci_low_hz": 0.1963477597759776,
          "bootstrap_ci_high_hz": 0.3476197619761976,
          "confidence_score": 32.5,
          "confidence_tier": "NOISE"
        }
      }
    },
    "nsr003": {
      "subject_id": "nsr003",
      "n_beats": 97585,
      "duration_hours": 23.47149739583333,
      "mean_hr_bpm": 70.42648788547186,
      "bands": {
        "VLF": {
          "band_name": "VLF",
          "band_range_hz": [
            0.003,
            0.04
          ],
          "ls_frequency_hz": 0.004876087608760876,
          "ls_power": 0.007773558892104767,
          "ls_fap": 0.0,
          "multi_window_cv": 14.731577332910087,
          "multi_window_cv_clean": 14.731577332910087,
          "detection_rate": 0.625,
          "bootstrap_freq_mean_hz": 0.004876087608760877,
          "bootstrap_freq_std_hz": 8.673617379884035e-19,
          "bootstrap_ci_low_hz": 0.004876087608760876,
          "bootstrap_ci_high_hz": 0.004876087608760876,
          "confidence_score": 37.5,
          "confidence_tier": "NOISE"
        },
        "LF": {
          "band_name": "LF",
          "band_range_hz": [
            0.04,
            0.15
          ],
          "ls_frequency_hz": 0.06781078107810781,
          "ls_power": 0.0015473980099008039,
          "ls_fap": 3.0894236747241645e-107,
          "multi_window_cv": 7.644048112255625,
          "multi_window_cv_clean": 7.644048112255625,
          "detection_rate": 0.0,
          "bootstrap_freq_mean_hz": 0.0658201320132013,
          "bootstrap_freq_std_hz": 0.005662306382526187,
          "bootstrap_ci_low_hz": 0.04971397139713971,
          "bootstrap_ci_high_hz": 0.06781078107810781,
          "confidence_score": 30.0,
          "confidence_tier": "NOISE"
        },
        "HF": {
          "band_name": "HF",
          "band_range_hz": [
            0.15,
            0.4
          ],
          "ls_frequency_hz": 0.27663766376637666,
          "ls_power": 0.0004217630711604666,
          "ls_fap": 7.988356221170573e-25,
          "multi_window_cv": 12.715264356107522,
          "multi_window_cv_clean": 8.358984598509243,
          "detection_rate": 0.75,
          "bootstrap_freq_mean_hz": 0.25893939393939397,
          "bootstrap_freq_std_hz": 0.05072051361258597,
          "bootstrap_ci_low_hz": 0.1801030103010301,
          "bootstrap_ci_high_hz": 0.35647064706470644,
          "confidence_score": 45.0,
          "confidence_tier": "NOISE"
        }
      }
    },
    "nsr004": {
      "subject_id": "nsr004",
      "n_beats": 97821,
      "duration_hours": 23.11966796875,
      "mean_hr_bpm": 73.64684932229594,
      "bands": {
        "VLF": {
          "band_name": "VLF",
          "band_range_hz": [
            0.003,
            0.04
          ],
          "ls_frequency_hz": 0.00598989898989899,