{
  "EI": 5098747.757981157,
  "f1_target_hz": 3.941029727972797,
  "f1_achieved_hz": 3.9410297279686657,
  "f1_error_pct": 1.0482950407380559e-10,
  "frequencies_hz": [
    3.9410297279686657,
    15.764433217513757,
    35.473016318917736,
    63.07753693048396,
    98.60539046831694
  ],
  "frequency_ratios": [
    1.0,
    4.0000797521614375,
    9.000951215154034,
    16.00534410660134,
    25.020209761051802
  ],
  "n_elements": 15,
  "length_m": 30.0,
  "freq_ratios_theory": [
    1,
    4,
    9,
    16,
    25
  ],
  "freq_ratios_actual": [
    1.0,
    4.0000797521614375,
    9.000951215154034,
    16.00534410660134,
    25.020209761051802
  ],
  "errors_pct": [
    0.0,
    0.0019938040359379627,
    0.010569057267042738,
    0.03340066625836524,
    0.08083904420720955
  ],
  "mean_error_pct": 0.0253605143537111,
  "max_error_pct": 0.08083904420720955,
  "validation_pass": true
}