measurement_id,phase,config,seq,best_channel,best_channel_snr_db,freq_1_hz,freq_1_std_hz,freq_1_cv_pct,freq_1_confidence,freq_1_tier,freq_2_hz,freq_3_hz,freq_4_hz,freq_5_hz,detection_rate,fap,n_modes_detected
01C14,01,C,14,01B1305.aaa,35.53297988854824,3.97003700370037,0.0029338022961868052,0.22619693622924086,100.0,CONFIRMED,,,,,1.0,1.299240438936319e-206,1
01C15,01,C,15,Carlog,36.77687577405956,0.8060606060606061,0.07126266640837299,9.970481863825272,80.0,PROBABLE,,,,,0.5,1.5483186163906512e-105,1
01C16,01,C,16,01B1505.aaa,34.360584567012076,3.962551255125512,4.440892098500626e-16,0.3016541961756766,96.7,CONFIRMED,,,,,0.8333333333333334,2.61862284560182e-174,1
01C17,01,C,17,01B1605.aaa,37.71101552646329,3.985008500850085,0.0,0.912947801976873,100.0,CONFIRMED,,,,,1.0,0.0,1
01C18,01,C,18,01B1705.aaa,36.727932161643636,3.9675417541754174,0.004793217813499809,0.3419600543550767,96.7,CONFIRMED,,,,,0.8333333333333334,3.4320456338729614e-272,1
